Name,A,Salary,account,D
Deepak,1,11,21,4567
Deepak 1,2,22,22,4567
Deepak 2,3,33,23,4567
Deepak3,4,44,24,4567
Deepak4,5,45,25,4567
Deepak5,6,46,26,4567
Deepak6,7,47,27,4567
Deepak7,8,48,28,4567
Deepak8,9,49,29,4567
Deepak9,10,50,30,4567
Deepak10,11,51,31,4567
Deepak11,12,52,32,4567
Deepak12,13,53,33,4567
Deepak13,14,54,34,4567
Deepak14,15,55,35,4567
Deepak15,16,56,36,4567
Deepak16,17,57,37,4567
Deepak17,18,58,38,4567
Deepak18,19,59,39,4567
Deepak19,20,60,40,4567
Deepak20,21,61,41,4567
Deepak21,22,62,42,4567
